Product_Code,ProductName,Description,New Item Description
1000,NAVYCUT FT 10PP_1000,NAVYCUT FT 10PP_1000,
1003,Gold Flake FT Mint Switch 10BE_1003,Gold Flake FT Mint Switch 10BE_1003,
1046,SILKCUT VIRGINIA DSFT NB 10HL_1046,SILKCUT VIRGINIA DSFT NB 10HL_1046,
11008,MD84 Sandal - NP(NEW KLD)_11008,MD84 Sandal - NP(NEW KLD)_11008,
11009,MD Sambrani 20_11009,MD Sambrani 20_11009,
11012,MD84 Bouquet - NP(NEW KLD)_11012,MD84 Bouquet - NP(NEW KLD)_11012,
11016,MD84 Treya - NP(NEW KLD)_11016,MD84 Treya - NP(NEW KLD)_11016,
11017,MD84 FOT - NP(NEW KLD)_11017,MD84 FOT - NP(NEW KLD)_11017,
11077,MD84 JATHIMALLIGAI - NP(NEW KLD)_11077,MD84 JATHIMALLIGAI - NP(NEW KLD)_11077,
11092,MD 30 SANDAL (NP)_11092,MD 30 SANDAL (NP)_11092,
11111,MD85 5IN1 NP(New KLD)_11111,MD85 5IN1 NP(New KLD)_11111,
11124,MD 70 Flora_11124,MD 70 Flora_11124,
11176,MD 20 Temple Silver_11176,MD 20 Temple Silver_11176,
11249,MD14 Bouquet - Fragrance Plus_11249,MD14 Bouquet - Fragrance Plus_11249,
11254,MD Rs 20 Pushpanjali_11254,MD Rs 20 Pushpanjali_11254,
11256,MD Rs 50 Pushpanjali_11256,MD Rs 50 Pushpanjali_11256,
11477,MD84 Lavender(UNLOCKED)_11477,MD84 Lavender(UNLOCKED)_11477,
11484,MD14 FOT Sandal Tradition_11484,MD14 FOT Sandal Tradition_11484,
11485,MD35 FOT Sandal Tradition_11485,MD35 FOT Sandal Tradition_11485,
11621,MD 14 BOUQUET NP (UNLOCKED)_11621,MD 14 BOUQUET NP (UNLOCKED)_11621,
11622,MD14 Sandal NP - (UNLOCKED)_11622,MD14 Sandal NP - (UNLOCKED)_11622,
11623,MD 14 ROSE NP (UNLOCKED)_11623,MD 14 ROSE NP (UNLOCKED)_11623,
11624,MD 14 MOGRA NP (UNLOCKED)_11624,MD 14 MOGRA NP (UNLOCKED)_11624,
11625,MD 14 FOT (UNLOCKED)_11625,MD 14 FOT (UNLOCKED)_11625,
11626,MD14 Lavender (UNLOCKED)_11626,MD14 Lavender (UNLOCKED)_11626,
11627,MD14 Treya NP(UNLOCKED)_11627,MD14 Treya NP(UNLOCKED)_11627,
11632,MD14 Jathimalligai NP (UNLOCKED)_11632,MD14 Jathimalligai NP (UNLOCKED)_11632,
11743,MD DEETYAA COMBO 123(UNLOCKED)_11743,MD DEETYAA COMBO 123(UNLOCKED)_11743,
11758,MD Sadhvi 100 (UNLOCKED)_11758,MD Sadhvi 100 (UNLOCKED)_11758,
11783,MD 14 TREYA - NP(VISIBILITY)_11783,MD 14 TREYA - NP(VISIBILITY)_11783,
11784,MD14DEETYAA COMBO123(VISIBILITY)_11784,MD14DEETYAA COMBO123(VISIBILITY)_11784,
11786,MD 14 LAVENDER - (VISIBILITY)_11786,MD 14 LAVENDER - (VISIBILITY)_11786,
11791,MD 14 SANDAL - FREE SAMPLE POUCH_11791,MD 14 SANDAL - FREE SAMPLE POUCH_11791,
1182,FLAKE GOLD CREST NPCT EB 10HL_1182,FLAKE GOLD CREST NPCT EB 10HL_1182,
11824,MD FOT Gold Yagna Rs.20(Unlocked)_11824,MD FOT Gold Yagna Rs.20(Unlocked)_11824,
11825,MD FOT Silver Diya Rs.20(Unlocked)_11825,MD FOT Silver Diya Rs.20(Unlocked)_11825,
11827,MD FOT Gold Yagna Rs.50(Unlocked)_11827,MD FOT Gold Yagna Rs.50(Unlocked)_11827,
11828,MD FOT Silver Diya Rs.50(Unlocked)_11828,MD FOT Silver Diya Rs.50(Unlocked)_11828,
11954,MD 80 Treya -New (Extra 20%)_11954,MD 80 Treya -New (Extra 20%)_11954,
11955,MD 80 Treya -New_11955,MD 80 Treya -New_11955,
11974,Mangaldeep 14 Sandal (Extra 20%)_11974,Mangaldeep 14 Sandal (Extra 20%)_11974,
11985,Mangaldeep 14 Lavender(Extra 20%)_11985,Mangaldeep 14 Lavender(Extra 20%)_11985,
11986,MD 14 Treya-New(Extra 20%)_11986,MD 14 Treya-New(Extra 20%)_11986,
11987,Mangaldeep 14 Rose(Extra 20%)_11987,Mangaldeep 14 Rose(Extra 20%)_11987,
11988,Mangadeep 14 Mogra (Extra 20%)_11988,Mangadeep 14 Mogra (Extra 20%)_11988,
11989,Mangaldeep 14 Temple (Extra 20%)_11989,Mangaldeep 14 Temple (Extra 20%)_11989,
11990,Mangaldeep 14 Bouquet (Extra 20%)_11990,Mangaldeep 14 Bouquet (Extra 20%)_11990,
11992,MD Rs.10 Marigold (Extra 25%)_11992,MD Rs.10 Marigold (Extra 25%)_11992,
11993,Mangaldeep 35 Sandal (Extra 20%)_11993,Mangaldeep 35 Sandal (Extra 20%)_11993,
11994,Mangaldeep 84 Sandal (Extra 20%)_11994,Mangaldeep 84 Sandal (Extra 20%)_11994,
11995,Mangaldeep 84 Lavender(Extra 20%)_11995,Mangaldeep 84 Lavender(Extra 20%)_11995,
11997,Mangaldeep 84 Temple (Extra 20%)_11997,Mangaldeep 84 Temple (Extra 20%)_11997,
11998,Mangaldeep 84 Bouquet (Extra 20%)_11998,Mangaldeep 84 Bouquet (Extra 20%)_11998,
12000,MD Rs. 50 Marigold (Extra 20%)_12000,MD Rs. 50 Marigold (Extra 20%)_12000,
1504,Classic Double Burst FTK 10BE_1504,Classic Double Burst FTK 10BE_1504,
1506,SCISSORS FT-NS NB 10BE_1506,SCISSORS FT-NS NB 10BE_1506,
1539,Wave Fruit Mint_1539,Wave Fruit Mint_1539,
1581,Classic Balanced T FirmFT NB 10 BE_1581,Classic Balanced T FirmFT NB 10 BE_1581,
1593,Classic Rich T Firm FT FS 20BE_1593,Classic Rich T Firm FT FS 20BE_1593,
1594,Classic Refined T Firm FT FS 20BE_1594,Classic Refined T Firm FT FS 20BE_1594,
1636,GFK Red Mint Switch-5m 10 RC_1636,GFK Red Mint Switch-5m 10 RC_1636,
1637,GFK Blue Menthol Switch 5m 10 BE_1637,GFK Blue Menthol Switch 5m 10 BE_1637,
1646,GFK Red FirmFT MDPPCT 20RC_1646,GFK Red FirmFT MDPPCT 20RC_1646,
1647,GFK Red FirmFT MDPPCT 10RC_1647,GFK Red FirmFT MDPPCT 10RC_1647,
1648,GFK Blue FirmFT MDPPCT 20BE_1648,GFK Blue FirmFT MDPPCT 20BE_1648,
1649,GFK Blue FirmFT MDPPCT10BE_1649,GFK Blue FirmFT MDPPCT10BE_1649,
1650,Cl Fine T Low Smell NPCT FS 20BE_1650,Cl Fine T Low Smell NPCT FS 20BE_1650,
1651,Classic Ice Burst FS 20BE_1651,Classic Ice Burst FS 20BE_1651,
1653,Classic Balanced T FT NB FS 20BE_1653,Classic Balanced T FT NB FS 20BE_1653,
1675,Cl Double Burst FTK FS 20BE_1675,Cl Double Burst FTK FS 20BE_1675,
1695,GFFT Blue Fresh Mint 10BE_1695,GFFT Blue Fresh Mint 10BE_1695,
1716,Classic Ice Burst 10m 10BE_1716,Classic Ice Burst 10m 10BE_1716,
1719,Gold FL FTK Neo FirmFT FS 20BE_1719,Gold FL FTK Neo FirmFT FS 20BE_1719,
1720,Gold FL FTK Neo FirmFT 10BE_1720,Gold FL FTK Neo FirmFT 10BE_1720,
1725,Gold Flake SLK Low smell 16CP_1725,Gold Flake SLK Low smell 16CP_1725,
1728,Navy Cut Deluxe FT 10BE_1728,Navy Cut Deluxe FT 10BE_1728,
1740,Flake Mint Capsule FT 10BE-NS_1740,Flake Mint Capsule FT 10BE-NS_1740,
1786,Wave Cool Mint 10BE-NS_1786,Wave Cool Mint 10BE-NS_1786,
1789,Wave Fruit Mint 10BE-NS_1789,Wave Fruit Mint 10BE-NS_1789,
299,BENSON & HEDGES SPECIALFTK-MD 20HL_299,BENSON & HEDGES SPECIALFTK-MD 20HL_299,
300,B&H Gold Blue FTK 20HL_300,B&H Gold Blue FTK 20HL_300,
3016,GOLD FLAKE SPL NPCT NS 10BE_3016,GOLD FLAKE SPL NPCT NS 10BE_3016,
3023,SCISSORS SPECIAL FT MD NS 10BE_3023,SCISSORS SPECIAL FT MD NS 10BE_3023,
3043,Classic Ice Burst 10m -CC 10BE_3043,Classic Ice Burst 10m -CC 10BE_3043,
3044,Classic Ice Burst FS -CC 20BE_3044,Classic Ice Burst FS -CC 20BE_3044,
3046,Cl Double Burst FTK FS -CC 20BE_3046,Cl Double Burst FTK FS -CC 20BE_3046,
3048,Cl Fine T L S NPCT FS -CC 20BE_3048,Cl Fine T L S NPCT FS -CC 20BE_3048,
3049,Classic BT FirmFT NB -CC 10 BE_3049,Classic BT FirmFT NB -CC 10 BE_3049,
3051,Classic BT FT NB FS -CC 20BE_3051,Classic BT FT NB FS -CC 20BE_3051,
3053,Classic Refr Taste NPCT -CC 20BE_3053,Classic Refr Taste NPCT -CC 20BE_3053,
3056,Cl Rich T Firm FT FS -CC 20BE_3056,Cl Rich T Firm FT FS -CC 20BE_3056,
3058,Cl Refn T Firm FT FS -CC 20BE_3058,Cl Refn T Firm FT FS -CC 20BE_3058,
3062,GFK Red FirmFT MDPPCT -CC 10RC_3062,GFK Red FirmFT MDPPCT -CC 10RC_3062,
3063,GFK Red FirmFT MDPPCT -CC 20RC_3063,GFK Red FirmFT MDPPCT -CC 20RC_3063,
3064,GFK Blue FirmFT MDPPCT-CC 10BE_3064,GFK Blue FirmFT MDPPCT-CC 10BE_3064,
3065,GFK Blue FirmFT MDPPCT -CC 20BE_3065,GFK Blue FirmFT MDPPCT -CC 20BE_3065,
311,Gold Flake SLK - (4m) 16CP_311,Gold Flake SLK - (4m) 16CP_311,
327,CLASSIC VERVE - (4m) 16CP_327,CLASSIC VERVE - (4m) 16CP_327,
43,Classic Refreshing Taste NPCT 10BE_43,Classic Refreshing Taste NPCT 10BE_43,
46,Classic Refreshing Taste NPCT 20BE_46,Classic Refreshing Taste NPCT 20BE_46,
51,Cl Fine TasteLow Smell NPCT 10BE_51,Cl Fine TasteLow Smell NPCT 10BE_51,
9754,AIM WAX 35s_9754,AIM WAX 35s_9754,
9829,CHEETAFIGHT 35s_9829,CHEETAFIGHT 35s_9829,
9859,CHEETAFIGHT WAX 35Sticks 6s_9859,CHEETAFIGHT WAX 35Sticks 6s_9859,
9876,CHEETAFIGHT WAX 30Sticks_9876,CHEETAFIGHT WAX 30Sticks_9876,
9885,SHIP WAX LONGS 35S_9885,SHIP WAX LONGS 35S_9885,
991,INDIA KINGS RICH GOLD -MD 20RC_991,INDIA KINGS RICH GOLD -MD 20RC_991,
9952,HOMELITES RS 2 50 STICKS_9952,HOMELITES RS 2 50 STICKS_9952,
9954,HOMELITES RS 2 50 STICKS_9954,HOMELITES RS 2 50 STICKS_9954,
997,GOLD FLAKE FT -MD 10BE_997,GOLD FLAKE FT -MD 10BE_997,
9976,HMLITESLARGE_9976,HMLITESLARGE_9976,
F11589Q,AASHIRVAAD GULABJAMUN200G_F11589Q,AASHIRVAAD GULABJAMUN200G_F11589Q,
FA020029,AASHIRVAAD SALT - 1KG (25KG OUTER)_FA020029,AASHIRVAAD SALT - 1KG (25KG OUTER)_FA020029,
FA020031,AASHIRVAAD SALT - 1KG (25KG OUTER)_FA020031,AASHIRVAAD SALT - 1KG (25KG OUTER)_FA020031,
FA2116,AASHIRVAAD SUPERIOR MP ATTA 0.5KG_FA2116,AASHIRVAAD SUPERIOR MP ATTA 0.5KG_FA2116,
FA2116T,AASHIRVAAD SUPERIOR MP AT 0.5KGTPR_FA2116T,AASHIRVAAD SUPERIOR MP AT 0.5KGTPR_FA2116T,
FA2116TN,AASHIRVAAD SUPERIOR MP ATTA 0.5KG_FA2116TN,AASHIRVAAD SUPERIOR MP ATTA 0.5KG_FA2116TN,
FA2132,AASHIRVAAD ATTA MULTIGRAINS - 5KG_FA2132,AASHIRVAAD ATTA MULTIGRAINS - 5KG_FA2132,
FA2133,AASHIRVAAD ATTA MULTIGRAINS -1 KG_FA2133,AASHIRVAAD ATTA MULTIGRAINS -1 KG_FA2133,
FA2133C,AASHIRVAAD ATTA MULTIGRAINS -1 KG_FA2133C,AASHIRVAAD ATTA MULTIGRAINS -1 KG_FA2133C,
FA2135,AASHIRVAAD ATTA MG 2KG BOX PR_FA2135,AASHIRVAAD ATTA MG 2KG BOX PR_FA2135,
FA3401B,SUNFEAST NICE 75G_FA3401B,SUNFEAST NICE 75G_FA3401B,
FA3402B,SUNFEAST NICE 150G_FA3402B,SUNFEAST NICE 150G_FA3402B,
FA4086GG,## JELIMALS 36G(6X6G) NWPR_FA4086GG,## JELIMALS 36G(6X6G) NWPR_FA4086GG,
FA4087,JELLICIOUS JELIMALS 30G NW PR_FA4087,JELLICIOUS JELIMALS 30G NW PR_FA4087,
FA4088,JELLICIOUS JELIMALS 30G NW PR_FA4088,JELLICIOUS JELIMALS 30G NW PR_FA4088,
FA4095,JELIMALS JELLY BITES 10G_FA4095,JELIMALS JELLY BITES 10G_FA4095,
FA4264,CANDYMAN TADKA 520+80G_FA4264,CANDYMAN TADKA 520+80G_FA4264,
FA4272,CM CRUNCHY PEANUT PJ 640G_FA4272,CM CRUNCHY PEANUT PJ 640G_FA4272,
FA4425P,CM CHOCODOUBLEECLAIR 380GPB ST BPK_FA4425P,CM CHOCODOUBLEECLAIR 380GPB ST BPK_FA4425P,
FA4720K,CM COFITINO 810G PJ_FA4720K,CM COFITINO 810G PJ_FA4720K,
FA600100,ASVD SUGAR RELEASE CONTROL ATTA1KG_FA600100,ASVD SUGAR RELEASE CONTROL ATTA1KG_FA600100,
FA600100A,ASVD SUGAR RELEASE CONTROL AT1KGPR_FA600100A,ASVD SUGAR RELEASE CONTROL AT1KGPR_FA600100A,
FA700100,AASHIRVAAD NSF RAGI FLOUR 1KG_FA700100,AASHIRVAAD NSF RAGI FLOUR 1KG_FA700100,
FA700500,AASHIRVAAD NSF RAGI FLOUR 500G_FA700500,AASHIRVAAD NSF RAGI FLOUR 500G_FA700500,
FA800500,AASHIRVAAD NSF MULTI MILLETMIX500G_FA800500,AASHIRVAAD NSF MULTI MILLETMIX500G_FA800500,
FA900100,AASHIRVAAD NSF GLUTEN FR FLOUR 1KG_FA900100,AASHIRVAAD NSF GLUTEN FR FLOUR 1KG_FA900100,
FA900500,AASHIRVAAD NSF GLUTEN FR FLOUR500G_FA900500,AASHIRVAAD NSF GLUTEN FR FLOUR500G_FA900500,
FA9681AN,TEDHE MEDHE RS.5 TOMATO_FA9681AN,TEDHE MEDHE RS.5 TOMATO_FA9681AN,
FA9682AN,TEDHE MEDHE RS.10 TOMATO_FA9682AN,TEDHE MEDHE RS.10 TOMATO_FA9682AN,
FA9851Q,MAD ANGLES RS.5 ACHAARI_FA9851Q,MAD ANGLES RS.5 ACHAARI_FA9851Q,
FA9852O,MAD ANGLES RS.10 ACHAARI_FA9852O,MAD ANGLES RS.10 ACHAARI_FA9852O,
FA9853P,MAD ANGLES RS.20 ACHAARI_FA9853P,MAD ANGLES RS.20 ACHAARI_FA9853P,
FA9871CP,MAD ANGLES RS.5 MASALA_FA9871CP,MAD ANGLES RS.5 MASALA_FA9871CP,
FA9872R,MAD ANGLES RS.10 MASALA_FA9872R,MAD ANGLES RS.10 MASALA_FA9872R,
FA9873R,MAD ANGLES RS.20 MASALA_FA9873R,MAD ANGLES RS.20 MASALA_FA9873R,
FA9881Q,MAD ANGLES RS.5 TOMATO_FA9881Q,MAD ANGLES RS.5 TOMATO_FA9881Q,
FA9882Q,MAD ANGLES RS.10 TOMATO_FA9882Q,MAD ANGLES RS.10 TOMATO_FA9882Q,
FA9884Q,MAD ANGLES RS.20 TOMATO_FA9884Q,MAD ANGLES RS.20 TOMATO_FA9884Q,
FA9898A,MAD ANGLES RS 5 PERI PERI_FA9898A,MAD ANGLES RS 5 PERI PERI_FA9898A,
FA9898B,MAD ANGLES RS 10 PERI PERI_FA9898B,MAD ANGLES RS 10 PERI PERI_FA9898B,
FA9898C,MAD ANGLES RS 20 PERI PERI_FA9898C,MAD ANGLES RS 20 PERI PERI_FA9898C,
FB101005,DARK FANTASY CHOCO FILLS 20G_FB101005,DARK FANTASY CHOCO FILLS 20G_FB101005,
FB101123,DARKFANTASY CHOCO FILLS 75G RS30_FB101123,DARKFANTASY CHOCO FILLS 75G RS30_FB101123,
FB101210,DARKFANTASY CHOCOFILLS LUXURIA150G_FB101210,DARKFANTASY CHOCOFILLS LUXURIA150G_FB101210,
FB102112,DARK FANTASY COFFEE FILLS 75G(64)_FB102112,DARK FANTASY COFFEE FILLS 75G(64)_FB102112,
FB104402,DARK FANTASY VANILLA 100G_FB104402,DARK FANTASY VANILLA 100G_FB104402,
FB105001,DARK FANTASY CHOCO MELTZ 50G_FB105001,DARK FANTASY CHOCO MELTZ 50G_FB105001,
FB105001A,DARK FANTASY CHOCO MELTZ 50G(9)_FB105001A,DARK FANTASY CHOCO MELTZ 50G(9)_FB105001A,
FB152813,DF YUMFILLS WHOOPIE PIE VEG 414G_FB152813,DF YUMFILLS WHOOPIE PIE VEG 414G_FB152813,
FB152814,DF YUMFILLS WHOOPIE PIE 414G_FB152814,DF YUMFILLS WHOOPIE PIE 414G_FB152814,
FB152815,DF YUMFILLS WHOOPIE PIE VEG 138G_FB152815,DF YUMFILLS WHOOPIE PIE VEG 138G_FB152815,
FB152816,DF YUMFILLS WHOOPIE PIE VEG 253G_FB152816,DF YUMFILLS WHOOPIE PIE VEG 253G_FB152816,
FB207101,DARK FANTASY BOURBON 90G_FB207101,DARK FANTASY BOURBON 90G_FB207101,
FB207200,DARK FANTASY BOURBON 120G_FB207200,DARK FANTASY BOURBON 120G_FB207200,
FB207300,DARK FANTASY BOURBON 150G_FB207300,DARK FANTASY BOURBON 150G_FB207300,
FB207400,DARK FANTASY BOURBON 600G(3+1)_FB207400,DARK FANTASY BOURBON 600G(3+1)_FB207400,
FB2115,AASHIRVAAD SUPERIOR MP ATTA 2KG_FB2115,AASHIRVAAD SUPERIOR MP ATTA 2KG_FB2115,
FB2115T,AASHIRVAAD SUPERIOR MP ATTA 2KGTPR_FB2115T,AASHIRVAAD SUPERIOR MP ATTA 2KGTPR_FB2115T,
FB2115TN,AASHIRVAAD SUPERIOR MP ATTA 2KG_FB2115TN,AASHIRVAAD SUPERIOR MP ATTA 2KG_FB2115TN,
FB212111,BOUNCE DREAM CREAM CHOCO VANILLA60_FB212111,BOUNCE DREAM CREAM CHOCO VANILLA60_FB212111,
FB212211,BOUNCE DREAM CREAM CHOCO VANILA120_FB212211,BOUNCE DREAM CREAM CHOCO VANILA120_FB212211,
FB213111,BOUNCE DREAM CREAM STRBY VANILLA60_FB213111,BOUNCE DREAM CREAM STRBY VANILLA60_FB213111,
FB213211,BOUNCE DREAM CREAM STRBY VANILA120_FB213211,BOUNCE DREAM CREAM STRBY VANILA120_FB213211,
FB214111,BOUNCE DREAM CREAM BTRSCH ZING 60G_FB214111,BOUNCE DREAM CREAM BTRSCH ZING 60G_FB214111,
FB214211,BOUNCE DREAM CREAM BTRSCH ZING 120_FB214211,BOUNCE DREAM CREAM BTRSCH ZING 120_FB214211,
FB251112,SF FARMLITE OATS & RAISINS 75G N_FB251112,SF FARMLITE OATS & RAISINS 75G N_FB251112,
FB251211,SF FARMLITE OATS AND RAISNS 150G N_FB251211,SF FARMLITE OATS AND RAISNS 150G N_FB251211,
FB252112,SF FARMLITE OATS & ALMONDS 75G N_FB252112,SF FARMLITE OATS & ALMONDS 75G N_FB252112,
FB253211,SF FARMLITE OATS WT CHOCOLATE 150G_FB253211,SF FARMLITE OATS WT CHOCOLATE 150G_FB253211,
FB255210,SF FARMLITE DIG ALL GOOD 100G_FB255210,SF FARMLITE DIG ALL GOOD 100G_FB255210,
FB257211,SF FARMLITE DIG 5 GRAIN 1KG_FB257211,SF FARMLITE DIG 5 GRAIN 1KG_FB257211,
FB257211A,SF FARMLITE DIG 5 GRAIN 1KG_FB257211A,SF FARMLITE DIG 5 GRAIN 1KG_FB257211A,
FB259210,SF FARMLITE ACT PROTEIN POWER 150G_FB259210,SF FARMLITE ACT PROTEIN POWER 150G_FB259210,
FB301122,BNC CREAM CHOCO TWIST 34+7G_FB301122,BNC CREAM CHOCO TWIST 34+7G_FB301122,
FB301230,BOUNCE CREAM CHOCO TWIST 82G SF_FB301230,BOUNCE CREAM CHOCO TWIST 82G SF_FB301230,
FB302123,BOUNCE CREAM ELAICHI DELIGHT 34+7G_FB302123,BOUNCE CREAM ELAICHI DELIGHT 34+7G_FB302123,
FB302224,BOUNCE CREAM ELAICHIDELIGHT 82G_FB302224,BOUNCE CREAM ELAICHIDELIGHT 82G_FB302224,
FB302225,BOUNCE CREAM ELAICHIDELIGHT 82G SF_FB302225,BOUNCE CREAM ELAICHIDELIGHT 82G SF_FB302225,
FB303122,BOUNCE CREAM TANGY ORANGE 34+7G_FB303122,BOUNCE CREAM TANGY ORANGE 34+7G_FB303122,
FB304122,BOUNCE CREAM PINEAPPLE ZING 34+7G_FB304122,BOUNCE CREAM PINEAPPLE ZING 34+7G_FB304122,
FB304225,BOUNCE CREAM PINEAPPLE ZING 82GSF_FB304225,BOUNCE CREAM PINEAPPLE ZING 82GSF_FB304225,
FB308101,BOUNCE CREAM STRAWBERRY MINIS 25G_FB308101,BOUNCE CREAM STRAWBERRY MINIS 25G_FB308101,
FB310101,BOUNCE CHOCO CREME CAKE 25G_FB310101,BOUNCE CHOCO CREME CAKE 25G_FB310101,
FB310301,BOUNCE BTR SCH CREME CAKE 25G_FB310301,BOUNCE BTR SCH CREME CAKE 25G_FB310301,
FB451215A,SF MOMS MAGIC RICHBUTTER 38.5G_FB451215A,SF MOMS MAGIC RICHBUTTER 38.5G_FB451215A,
FB451215E,SF MOMS MAGIC RICHBUTTER 44G_FB451215E,SF MOMS MAGIC RICHBUTTER 44G_FB451215E,
FB451224,SF MOMS MAGIC RICH BUTTER 75G_FB451224,SF MOMS MAGIC RICH BUTTER 75G_FB451224,
FB451412,SF MOMS MAGIC RICH BUTTER 150G_FB451412,SF MOMS MAGIC RICH BUTTER 150G_FB451412,
FB452123T,SF MOMS MAGIC CASHEW&ALMDS 60G_FB452123T,SF MOMS MAGIC CASHEW&ALMDS 60G_FB452123T,
FB452210B,SF MOMS MAGIC CASHEW & ALM 33G_FB452210B,SF MOMS MAGIC CASHEW & ALM 33G_FB452210B,
FB452210C,SF MOMS MAGIC CASHEW & ALM 33G_FB452210C,SF MOMS MAGIC CASHEW & ALM 33G_FB452210C,
FB452418T,SF MM CASHEW&ALMONDS 100+50G_FB452418T,SF MM CASHEW&ALMONDS 100+50G_FB452418T,
FB452526T,SF MOMS MAGIC CASW&ALMD 200G_FB452526T,SF MOMS MAGIC CASW&ALMD 200G_FB452526T,
FB452601,SF MM CASHEW&ALMONDS 100g 4+1 PR_FB452601,SF MM CASHEW&ALMONDS 100g 4+1 PR_FB452601,
FB453700,SF MOMS MAGIC FRUIT&MILK 60.8G_FB453700,SF MOMS MAGIC FRUIT&MILK 60.8G_FB453700,
FB453701,SF MOMS MAGIC FRUIT&MILK 60G_FB453701,SF MOMS MAGIC FRUIT&MILK 60G_FB453701,
FB453800,SF MOMS MAGIC FRUIT & MILK 100G_FB453800,SF MOMS MAGIC FRUIT & MILK 100G_FB453800,
FB453900,SF MOMS MAGIC FRUIT & MILK 200G_FB453900,SF MOMS MAGIC FRUIT & MILK 200G_FB453900,
FB454101,SF MOMS MAGIC NUT BISCOTTI 60GPR_FB454101,SF MOMS MAGIC NUT BISCOTTI 60GPR_FB454101,
FB454101A,SF MOMS MAGIC NUTBISCOTTI60GPR(9)_FB454101A,SF MOMS MAGIC NUTBISCOTTI60GPR(9)_FB454101A,
FB454201,SF MOMS MAGIC NUTS &RAISINS 60GPR_FB454201,SF MOMS MAGIC NUTS &RAISINS 60GPR_FB454201,
FB454300,SF MOMS MAGIC CHOCO CHIPS 100G_FB454300,SF MOMS MAGIC CHOCO CHIPS 100G_FB454300,
FB454600,SF MOMS MAGIC CHOCO CHIPS 120G_FB454600,SF MOMS MAGIC CHOCO CHIPS 120G_FB454600,
FB454800,SF MOMS MAGIC CHOCO CHIPS 46.4G_FB454800,SF MOMS MAGIC CHOCO CHIPS 46.4G_FB454800,
FB501121,SUNFEAST HIFI BUTTER COOKIES 36G D_FB501121,SUNFEAST HIFI BUTTER COOKIES 36G D_FB501121,
FB502120,SUNFEAST HIFI CASHEW COOKIES 36G D_FB502120,SUNFEAST HIFI CASHEW COOKIES 36G D_FB502120,
FB502122,SUNFEAST HIFI CASHEWCOOKIES36+4.5G_FB502122,SUNFEAST HIFI CASHEWCOOKIES36+4.5G_FB502122,
FB601211,SUNFEAST GLUCOSE BISCUITS 32G MRP3_FB601211,SUNFEAST GLUCOSE BISCUITS 32G MRP3_FB601211,
FB701128,SUNFEAST MARIE LGT RCH TST38+14G_FB701128,SUNFEAST MARIE LGT RCH TST38+14G_FB701128,
FB701238M,SUNFEAST MARIE LGT RCH TST70+30GPR_FB701238M,SUNFEAST MARIE LGT RCH TST70+30GPR_FB701238M,
FB701314,SUNFEAST MARIE LIGHT RCH TST 120G_FB701314,SUNFEAST MARIE LIGHT RCH TST 120G_FB701314,
FB701425,SUNFEAST MARIE LIGHT RCH TST 200G_FB701425,SUNFEAST MARIE LIGHT RCH TST 200G_FB701425,
FB701426,SUNFEAST MARIE LIGHT RT200G(20PR)_FB701426,SUNFEAST MARIE LIGHT RT200G(20PR)_FB701426,
FB701546,SUNFEAST MARIE LIGHT RICH TST 300G_FB701546,SUNFEAST MARIE LIGHT RICH TST 300G_FB701546,
FB701550,SUNFEAST MARIE LIGHT RICH TST 250G_FB701550,SUNFEAST MARIE LIGHT RICH TST 250G_FB701550,
FB701600,SF MARIE LIGHT RICH TST 120GX5 KA_FB701600,SF MARIE LIGHT RICH TST 120GX5 KA_FB701600,
FB701701,SUNFEAST MARIE LIGHT VITA 75+15GPR_FB701701,SUNFEAST MARIE LIGHT VITA 75+15GPR_FB701701,
FB701702,SUNFEAST MARIE LIGHT VITA 150GM_FB701702,SUNFEAST MARIE LIGHT VITA 150GM_FB701702,
FB701800,SUNFEAST MARIE LIGHT VEDA 75GM_FB701800,SUNFEAST MARIE LIGHT VEDA 75GM_FB701800,
FB702114,SUNFEAST MARIE LIGHT OATS 120G ND_FB702114,SUNFEAST MARIE LIGHT OATS 120G ND_FB702114,
FB702212,SUNFEAST MARIE LIGHT OATS 200G_FB702212,SUNFEAST MARIE LIGHT OATS 200G_FB702212,
FB702402,SUNFEAST MARIE LIGHT OATS 75G ND_FB702402,SUNFEAST MARIE LIGHT OATS 75G ND_FB702402,
FB703113,SUNFEAST MARIE LIGHT ORANGE 120GND_FB703113,SUNFEAST MARIE LIGHT ORANGE 120GND_FB703113,
FB703202,SUNFEAST MARIE LIGHT ORANGE 75G N_FB703202,SUNFEAST MARIE LIGHT ORANGE 75G N_FB703202,
FB801125,SUNFEAST A2 COW MILK 81+19G TAMIL_FB801125,SUNFEAST A2 COW MILK 81+19G TAMIL_FB801125,
FB801127,SUNFEAST A2 COW MILK 40+10G TAMIL_FB801127,SUNFEAST A2 COW MILK 40+10G TAMIL_FB801127,
FB801129,SUNFEAST A2 COW MILK 100G NASA PR_FB801129,SUNFEAST A2 COW MILK 100G NASA PR_FB801129,
FB902313,SF SALTED CRACKER BISCUITS 50+12G_FB902313,SF SALTED CRACKER BISCUITS 50+12G_FB902313,
FB903014P,SUNFEAST SWEET N SALT 30G+10G PR_FB903014P,SUNFEAST SWEET N SALT 30G+10G PR_FB903014P,
FB903115P,SUNFEAST SWEET N SALT 60G+20G PR_FB903115P,SUNFEAST SWEET N SALT 60G+20G PR_FB903115P,
FB903214P,SUNFEAST SWEET N SALT 120G+30G PR_FB903214P,SUNFEAST SWEET N SALT 120G+30G PR_FB903214P,
FB9245C,BINGO! ORIGINAL STYLE RS.10 CHILLI_FB9245C,BINGO! ORIGINAL STYLE RS.10 CHILLI_FB9245C,
FB9246C,BINGO! ORIGINAL STYLE RS.20 CHILLI_FB9246C,BINGO! ORIGINAL STYLE RS.20 CHILLI_FB9246C,
FB9255C,BINGO! ORIGINAL STYLE RS.10 SALT_FB9255C,BINGO! ORIGINAL STYLE RS.10 SALT_FB9255C,
FB9256C,BINGO! ORIGINAL STYLE RS.20 SALT_FB9256C,BINGO! ORIGINAL STYLE RS.20 SALT_FB9256C,
FB9621LN,TEDHE MEDHE RS.5 MASALA SOUTH_FB9621LN,TEDHE MEDHE RS.5 MASALA SOUTH_FB9621LN,
FB9622BN,TEDHE MEDHE RS.10 MASALA SOUTH_FB9622BN,TEDHE MEDHE RS.10 MASALA SOUTH_FB9622BN,
FB9625F,TEDHE MEDHE RS.20 MASALA+05PPERIFR_FB9625F,TEDHE MEDHE RS.20 MASALA+05PPERIFR_FB9625F,
FC4249A,CM FRUITEE FUN 280G PB_FC4249A,CM FRUITEE FUN 280G PB_FC4249A,
FC4253A,CM FRUITEE FUN 840G PJ_FC4253A,CM FRUITEE FUN 840G PJ_FC4253A,
FC4259A,CM FRUITEE FUN 3472+168G JJ_FC4259A,CM FRUITEE FUN 3472+168G JJ_FC4259A,
FC4270A,CANDYMAN FRUITY DELITE 646G PJ PR_FC4270A,CANDYMAN FRUITY DELITE 646G PJ PR_FC4270A,
FC4271,CANDYMAN FRUITY DELITE 3040G JJ_FC4271,CANDYMAN FRUITY DELITE 3040G JJ_FC4271,
FC4410,CM CHOCO DOUBLE 380 G PB_FC4410,CM CHOCO DOUBLE 380 G PB_FC4410,
FC4410A,CM CHOCO ECLAIRS 418G+38GFR VO PB_FC4410A,CM CHOCO ECLAIRS 418G+38GFR VO PB_FC4410A,
FC4410G,CM CHOCO ECLAIRS 418G+57GFR VO PB_FC4410G,CM CHOCO ECLAIRS 418G+57GFR VO PB_FC4410G,
FC4421A,CM ECLAIRS 50P 270G PB_FC4421A,CM ECLAIRS 50P 270G PB_FC4421A,
FC4422N,CM 50P ECLAIRS 840G PJ_FC4422N,CM 50P ECLAIRS 840G PJ_FC4422N,
FC4423O,CM ECLAIRS 50P 3752+168G JUMBO PJ_FC4423O,CM ECLAIRS 50P 3752+168G JUMBO PJ_FC4423O,
FC4426L,CM CHOCO ECLAIRS 760G PJ C_FC4426L,CM CHOCO ECLAIRS 760G PJ C_FC4426L,
FC4427M,CM CHOCO ECLAIRS 3667+228 G JJ_FC4427M,CM CHOCO ECLAIRS 3667+228 G JJ_FC4427M,
FC4441,CANDYMAN MILKY ECLAIRS 418+57G PB_FC4441,CANDYMAN MILKY ECLAIRS 418+57G PB_FC4441,
FC4441A,CANDYMAN MILKY ECLAIRS 418+38G PB_FC4441A,CANDYMAN MILKY ECLAIRS 418+38G PB_FC4441A,
FC4651A,MINTO FRESH ASSORTED 2450G+350G JJ_FC4651A,MINTO FRESH ASSORTED 2450G+350G JJ_FC4651A,
FC4652A,MINTO FRESH EUCA RE1 560+70G PJ TP_FC4652A,MINTO FRESH EUCA RE1 560+70G PJ TP_FC4652A,
FC4660,CM CL CNDY GR+RI MGO 429+58.5G PB_FC4660,CM CL CNDY GR+RI MGO 429+58.5G PB_FC4660,
FC4671,CANDYMAN FANTASTIK 360G_FC4671,CANDYMAN FANTASTIK 360G_FC4671,
FC4672A,CANDYMAN FANTASTIK 250G_FC4672A,CANDYMAN FANTASTIK 250G_FC4672A,
FC4812J,CANDYMAN CREME LACTO 900G PJ_FC4812J,CANDYMAN CREME LACTO 900G PJ_FC4812J,
FC4812L,CANDYMAN CREME LACTO 880G PJ_FC4812L,CANDYMAN CREME LACTO 880G PJ_FC4812L,
FC4813I,CM CREME LACTO 3690G JJ+450G PB FR_FC4813I,CM CREME LACTO 3690G JJ+450G PB FR_FC4813I,
FC4813J,CM CREME LACTO 3608G JJ+440G PB FR_FC4813J,CM CREME LACTO 3608G JJ+440G PB FR_FC4813J,
FC4815A,CANDYMAN CREMELACTO 495+45GPB VO_FC4815A,CANDYMAN CREMELACTO 495+45GPB VO_FC4815A,
FC4815B,CANDYMAN CREMELACTO 484+44GPB VO_FC4815B,CANDYMAN CREMELACTO 484+44GPB VO_FC4815B,
FC4831A,CM TOFFICHOO STRAWBERRY 270GM PB_FC4831A,CM TOFFICHOO STRAWBERRY 270GM PB_FC4831A,
FC4832A,CM TOFFICHOO STRAWBERRY 810GM PJ_FC4832A,CM TOFFICHOO STRAWBERRY 810GM PJ_FC4832A,
FC4838,CM DUOCHOO STRAWBERY 440+60G PB VO_FC4838,CM DUOCHOO STRAWBERY 440+60G PB VO_FC4838,
FC4838A,CM DUOCHOO STRAWBERY 440+40G PB VO_FC4838A,CM DUOCHOO STRAWBERY 440+40G PB VO_FC4838A,
FC4930A,MINTO GOL RE1 ASSORTED 700G PJ_FC4930A,MINTO GOL RE1 ASSORTED 700G PJ_FC4930A,
FC6103G,GUMON ASSORTED SB+SM PR 675G_FC6103G,GUMON ASSORTED SB+SM PR 675G_FC6103G,
FD2113,AASHIRVAAD SUPERIOR MP ATTA 1KG_FD2113,AASHIRVAAD SUPERIOR MP ATTA 1KG_FD2113,
FD2113TN,AASHIRVAAD SUPERIOR MP ATTA 1KG_FD2113TN,AASHIRVAAD SUPERIOR MP ATTA 1KG_FD2113TN,
FD2113TT,AASHIRVAAD SUPERIOR MP ATTA 1KGTPR_FD2113TT,AASHIRVAAD SUPERIOR MP ATTA 1KGTPR_FD2113TT,
FD2125N,AASHIRVAAD ATTA-1KG SELECT_FD2125N,AASHIRVAAD ATTA-1KG SELECT_FD2125N,
FD2126N,AASHIRVAAD ATTA-5KG SELECT_FD2126N,AASHIRVAAD ATTA-5KG SELECT_FD2126N,
FD2126NC,ASVD SELECT ATTA 5KG+CLEANING CLFR_FD2126NC,ASVD SELECT ATTA 5KG+CLEANING CLFR_FD2126NC,
FDB100205,WONDERZ MILK FRT N MILK MGO 200 ML_FDB100205,WONDERZ MILK FRT N MILK MGO 200 ML_FDB100205,
FDB100300,WONDERZ MILK VANILLA MK SHAKE200ML_FDB100300,WONDERZ MILK VANILLA MK SHAKE200ML_FDB100300,
FDB100400,WONDERZ MILK KESAR BDM NUTSKE200ML_FDB100400,WONDERZ MILK KESAR BDM NUTSKE200ML_FDB100400,
FDF100052,AASHVD SVASTI COW GHEE 50ML PCH_FDF100052,AASHVD SVASTI COW GHEE 50ML PCH_FDF100052,
FDF100054,AASHVD SVASTI COW GHEE 50ML PCH_FDF100054,AASHVD SVASTI COW GHEE 50ML PCH_FDF100054,
FDF100102,AASHVD SVASTI COW GHEE 100ML PCH_FDF100102,AASHVD SVASTI COW GHEE 100ML PCH_FDF100102,
FDF100104,AASHVD SVASTI COW GHEE 100ML PCH_FDF100104,AASHVD SVASTI COW GHEE 100ML PCH_FDF100104,
FDF101202,AASHVD PURE COW GHEE 200ML PET_FDF101202,AASHVD PURE COW GHEE 200ML PET_FDF101202,
FDF101204,AASHVD PURE COW GHEE 200ML PET_FDF101204,AASHVD PURE COW GHEE 200ML PET_FDF101204,
FDF101502B,AASHVD PURECOW GHEE500ML CONTR PR_FDF101502B,AASHVD PURECOW GHEE500ML CONTR PR_FDF101502B,
FDF101503,AASHVD PURE COW GHEE 500ML PET_FDF101503,AASHVD PURE COW GHEE 500ML PET_FDF101503,
FDF101505,AASHVD PURE COW GHEE 500ML PET_FDF101505,AASHVD PURE COW GHEE 500ML PET_FDF101505,
FDF111004,AASHVD PURE COW GHEE 1LIT PET_FDF111004,AASHVD PURE COW GHEE 1LIT PET_FDF111004,
FDF111007,AASHVD PURE COW GHEE 1LIT PET_FDF111007,AASHVD PURE COW GHEE 1LIT PET_FDF111007,
FH2112,AASHIRVAAD SUPERIOR MP ATTA 5KG_FH2112,AASHIRVAAD SUPERIOR MP ATTA 5KG_FH2112,
FH2112LL,AASHIRVAAD SUPERIOR MPAT5KG+SALTFR_FH2112LL,AASHIRVAAD SUPERIOR MPAT5KG+SALTFR_FH2112LL,
FH2112T,AASHIRVAAD SUPERIOR MP ATTA 5KGTPR_FH2112T,AASHIRVAAD SUPERIOR MP ATTA 5KGTPR_FH2112T,
FH2112TN,AASHIRVAAD SUPERIOR MP ATTA 5KG_FH2112TN,AASHIRVAAD SUPERIOR MP ATTA 5KG_FH2112TN,
FJ0101107,BNATURAL NCT APPLE AWE 200ML_FJ0101107,BNATURAL NCT APPLE AWE 200ML_FJ0101107,
FJ0101207,BNATURAL NCT APPLE AWE 1000ML_FJ0101207,BNATURAL NCT APPLE AWE 1000ML_FJ0101207,
FJ0206105,BNATURAL NCT MANGO MAGIC 200ML_FJ0206105,BNATURAL NCT MANGO MAGIC 200ML_FJ0206105,
FJ0206107,BNATURAL NCT MANGO MAGIC 200ML_FJ0206107,BNATURAL NCT MANGO MAGIC 200ML_FJ0206107,
FJ0206207,BNATURAL NCT MANGO MAGIC 1000ML_FJ0206207,BNATURAL NCT MANGO MAGIC 1000ML_FJ0206207,
FJ0207107,BNATURAL NCT MIXED FRUIT MRY 200ML_FJ0207107,BNATURAL NCT MIXED FRUIT MRY 200ML_FJ0207107,
FJ0207207,BNATURAL NCT MIXED FRUIT MRY1000ML_FJ0207207,BNATURAL NCT MIXED FRUIT MRY1000ML_FJ0207207,
FJ0208105,BNATURAL NCT ORANGE OOMPH 200ML_FJ0208105,BNATURAL NCT ORANGE OOMPH 200ML_FJ0208105,
FJ0208107,BNATURAL NCT ORANGE OOMPH 200ML_FJ0208107,BNATURAL NCT ORANGE OOMPH 200ML_FJ0208107,
FJ0210107,BNATURAL NCT GUAVA GUSH 200ML_FJ0210107,BNATURAL NCT GUAVA GUSH 200ML_FJ0210107,
FJ0210207,BNATURAL NCT GUAVA GUSH 1000ML_FJ0210207,BNATURAL NCT GUAVA GUSH 1000ML_FJ0210207,
FJ0211205,BN POMEGRANATE 100% JUICE 1000ML_FJ0211205,BN POMEGRANATE 100% JUICE 1000ML_FJ0211205,
FJ0212107,BNATURAL NCT LITCHI LUSCIOUS 200ML_FJ0212107,BNATURAL NCT LITCHI LUSCIOUS 200ML_FJ0212107,
FJ0212207,BNATURAL NCT LITCHI LUSCIOUS1000ML_FJ0212207,BNATURAL NCT LITCHI LUSCIOUS1000ML_FJ0212207,
FJ0223101,BNATURAL NCT HIMALAYAN MIXFT300ML_FJ0223101,BNATURAL NCT HIMALAYAN MIXFT300ML_FJ0223101,
FJ0223201,BNATURAL NCT HIMALAYAN MXFRT750ML_FJ0223201,BNATURAL NCT HIMALAYAN MXFRT750ML_FJ0223201,
FJ0226101,BNATURAL NCT RATNAGIRI ALPHONSO300_FJ0226101,BNATURAL NCT RATNAGIRI ALPHONSO300_FJ0226101,
FJ0226201,BNATURAL NCT RATNAGIRI ALPHONSO750_FJ0226201,BNATURAL NCT RATNAGIRI ALPHONSO750_FJ0226201,
FJ0230101,BNATURAL NCT DAKSHINPINKGUAVA300ML_FJ0230101,BNATURAL NCT DAKSHINPINKGUAVA300ML_FJ0230101,
FJ0230201,BNATURAL NCT DAKSHINPINKGUAVA750ML_FJ0230201,BNATURAL NCT DAKSHINPINKGUAVA750ML_FJ0230201,
FJ0231102,BNATURAL NCT WATERMELON 200ML_FJ0231102,BNATURAL NCT WATERMELON 200ML_FJ0231102,
FJ0231201,BNATURAL NCT WATERMELON 1000ML_FJ0231201,BNATURAL NCT WATERMELON 1000ML_FJ0231201,
FJ0299104,BNATURAL ASSORTED WITH LITCHI200ML_FJ0299104,BNATURAL ASSORTED WITH LITCHI200ML_FJ0299104,
FL2111,AASHIRVAAD SUPERIOR MP ATTA 10KG_FL2111,AASHIRVAAD SUPERIOR MP ATTA 10KG_FL2111,
FL2111TN,AASHIRVAAD SUPERIOR MP ATTA 10KG_FL2111TN,AASHIRVAAD SUPERIOR MP ATTA 10KG_FL2111TN,
FL2111TT,AASHIRVAAD SUPERIOR MP ATTA10KGTPR_FL2111TT,AASHIRVAAD SUPERIOR MP ATTA10KGTPR_FL2111TT,
FN1145,YIPPEE CLASSIC MASALA NOODLES 280G_FN1145,YIPPEE CLASSIC MASALA NOODLES 280G_FN1145,
FN1205GA,YIPPEE MAGIC MASALA NOODLES 32.5G_FN1205GA,YIPPEE MAGIC MASALA NOODLES 32.5G_FN1205GA,
FN1205GP,YIPPEE MAGIC MASALA ND 32.5G STRPR_FN1205GP,YIPPEE MAGIC MASALA ND 32.5G STRPR_FN1205GP,
FN1212,YIPPEE MAGIC MASALA NOODLES 70G_FN1212,YIPPEE MAGIC MASALA NOODLES 70G_FN1212,
FN1223,YIPPEE MGC MSL NOODLES 140G_FN1223,YIPPEE MGC MSL NOODLES 140G_FN1223,
FN1240PE,MAGIC & MOOD MASALA BOX PR 840G_FN1240PE,MAGIC & MOOD MASALA BOX PR 840G_FN1240PE,
FN1245,YIPPEE MAGIC MASALA NOODLES 280G_FN1245,YIPPEE MAGIC MASALA NOODLES 280G_FN1245,
FN1245D,YIPPEE MAGIC MASALA ND280G TI_FN1245D,YIPPEE MAGIC MASALA ND280G TI_FN1245D,
FN1245F,YIPPEE MAGIC MASALA ND280G TI_FN1245F,YIPPEE MAGIC MASALA ND280G TI_FN1245F,
FN1245MP,YIPPEE MAGIC MASALAND280GCOASTERPR_FN1245MP,YIPPEE MAGIC MASALAND280GCOASTERPR_FN1245MP,
FN1267,YIPPEE MGCMSL NOODLES 420G_FN1267,YIPPEE MGCMSL NOODLES 420G_FN1267,
FN1267D,YIPPEE MGCMSL NOODLES 420G TI_FN1267D,YIPPEE MGCMSL NOODLES 420G TI_FN1267D,
FN1267F,YIPPEE MGCMSL NOODLES 420G TI_FN1267F,YIPPEE MGCMSL NOODLES 420G TI_FN1267F,
FN1267GP,YIPPEE MGC MSL ND 420G+MM PR TI_FN1267GP,YIPPEE MGC MSL ND 420G+MM PR TI_FN1267GP,
FN1267KP,YIPPEE MGC MSL ND 420G+MM PR TI 68_FN1267KP,YIPPEE MGC MSL ND 420G+MM PR TI 68_FN1267KP,
FN1415,SF YIPPEE POWER UP NOODLES 70G_FN1415,SF YIPPEE POWER UP NOODLES 70G_FN1415,
FN1415A,SF YIPPEE POWER UP NOODLES 70G_FN1415A,SF YIPPEE POWER UP NOODLES 70G_FN1415A,
FN1515,YIPPEE MOOD MASALA NOODLES 70G_FN1515,YIPPEE MOOD MASALA NOODLES 70G_FN1515,
FN1515G,YIPPEE MOOD MASALA ND 70G 20%OFFPR_FN1515G,YIPPEE MOOD MASALA ND 70G 20%OFFPR_FN1515G,
FN1555,YIPPEE MOOD MASALA NOODLES 280G_FN1555,YIPPEE MOOD MASALA NOODLES 280G_FN1555,
FP1115HP,YIPPEE!TRICOLORPASTA CR CORN35+15G_FP1115HP,YIPPEE!TRICOLORPASTA CR CORN35+15G_FP1115HP,
FP1125BP,YIPPEE!TRICOLORPASTACCORN70+21GCTU_FP1125BP,YIPPEE!TRICOLORPASTACCORN70+21GCTU_FP1125BP,
FP1225BP,YIPPEE!TRICOLOR PASTAMSLA70+21GCTU_FP1225BP,YIPPEE!TRICOLOR PASTAMSLA70+21GCTU_FP1225BP,
FP2125,PASTA CHEESE 70G_FP2125,PASTA CHEESE 70G_FP2125,
FP2126,YIPPEE! PASTA CHEESE 65G_FP2126,YIPPEE! PASTA CHEESE 65G_FP2126,
FP2225,PASTA MASALA 70G_FP2225,PASTA MASALA 70G_FP2225,
FP2226,YIPPEE! PASTA MASALA 65G_FP2226,YIPPEE! PASTA MASALA 65G_FP2226,
FP2325,PASTA SOUR CREAM ONION 70G_FP2325,PASTA SOUR CREAM ONION 70G_FP2325,
FP2425,PASTA TOMATO CHEESE 70G_FP2425,PASTA TOMATO CHEESE 70G_FP2425,
FR020031,AASHIRVAAD SALT -1KG(25KG OUTER)FR_FR020031,AASHIRVAAD SALT -1KG(25KG OUTER)FR_FR020031,
FR4410A,CM CHOCO ECLAIRS 418G+38GFR VOPBFR_FR4410A,CM CHOCO ECLAIRS 418G+38GFR VOPBFR_FR4410A,
FR4426L,CM CHOCO ECLAIRS 760G PJ FR_FR4426L,CM CHOCO ECLAIRS 760G PJ FR_FR4426L,
FS200604K,MASTER CHEF CHICKEN CHETTINAD 20G_FS200604K,MASTER CHEF CHICKEN CHETTINAD 20G_FS200604K,
FS200610,MASTER CHEF CHICKEN CHETTINAD 50G_FS200610,MASTER CHEF CHICKEN CHETTINAD 50G_FS200610,
FS200704K,MASTERCHEF MADRAS MILAGU RASAM 20G_FS200704K,MASTERCHEF MADRAS MILAGU RASAM 20G_FS200704K,
FS200710,MASTERCHEF MADRAS MILAGU RASAM 50G_FS200710,MASTERCHEF MADRAS MILAGU RASAM 50G_FS200710,
FS200810,M CHEF MADURAI KULAMBU MILAKAI 50G_FS200810,M CHEF MADURAI KULAMBU MILAKAI 50G_FS200810,
FS200814,M CHEF MADURAI KULAMBU MILAKAI 12G_FS200814,M CHEF MADURAI KULAMBU MILAKAI 12G_FS200814,
FS200904K,MASTER CHEF THANJAVUR SAMBAR 20G_FS200904K,MASTER CHEF THANJAVUR SAMBAR 20G_FS200904K,
FS200910,MASTER CHEF THANJAVUR SAMBAR 50G_FS200910,MASTER CHEF THANJAVUR SAMBAR 50G_FS200910,
FS201220,MASTER CHEF CHICKEN 65 MASALA RS10_FS201220,MASTER CHEF CHICKEN 65 MASALA RS10_FS201220,
FS201250,MASTER CHEF CHICKEN 65 MASALA 50G_FS201250,MASTER CHEF CHICKEN 65 MASALA 50G_FS201250,
FS201320,MASTER CHEF MUTTON CHUKKA MSLARS10_FS201320,MASTER CHEF MUTTON CHUKKA MSLARS10_FS201320,
FS201350,MASTER CHEF MUTTON CHUKKA MSLA 50G_FS201350,MASTER CHEF MUTTON CHUKKA MSLA 50G_FS201350,
FS201420,MASTER CHEF FISH FRY MASALA RS10_FS201420,MASTER CHEF FISH FRY MASALA RS10_FS201420,
FS201450,MASTER CHEF FISH FRY MASALA 50G_FS201450,MASTER CHEF FISH FRY MASALA 50G_FS201450,
FS300050,MASTER CHEF CHILLI POWDER 50G TN_FS300050,MASTER CHEF CHILLI POWDER 50G TN_FS300050,
FS300100,MASTER CHEF CHILLI POWDER 100G TN_FS300100,MASTER CHEF CHILLI POWDER 100G TN_FS300100,
FS400050,MASTER CHEF CORIANDER PWR 50G TN_FS400050,MASTER CHEF CORIANDER PWR 50G TN_FS400050,
FS400100,MASTER CHEF CORIANDER PWR 100G TN_FS400100,MASTER CHEF CORIANDER PWR 100G TN_FS400100,
FS600050,MASTER CHEF TURMERIC POWDER 50G TN_FS600050,MASTER CHEF TURMERIC POWDER 50G TN_FS600050,
FS600100,MASTER CHEF TURMERIC PWR 100G TN_FS600100,MASTER CHEF TURMERIC PWR 100G TN_FS600100,
FXC100010,BINGO STARTERS RS10 MINTY CHIPS_FXC100010,BINGO STARTERS RS10 MINTY CHIPS_FXC100010,
FXC100020,BINGO STARTERS RS20 MINTY CHIPS_FXC100020,BINGO STARTERS RS20 MINTY CHIPS_FXC100020,
FXC10005B,BINGO! CHIPS RS.5 SALTED_FXC10005B,BINGO! CHIPS RS.5 SALTED_FXC10005B,
FXC10011,BINGO! CHIPS RS.10 SALTED_FXC10011,BINGO! CHIPS RS.10 SALTED_FXC10011,
FXC10020,BINGO! CHIPS RS.20 SALTED_FXC10020,BINGO! CHIPS RS.20 SALTED_FXC10020,
FXC110010,BINGO STARTERS RS10 CHATPATA CHIPS_FXC110010,BINGO STARTERS RS10 CHATPATA CHIPS_FXC110010,
FXC110020,BINGO STARTERS RS20 CHATPATA CHIPS_FXC110020,BINGO STARTERS RS20 CHATPATA CHIPS_FXC110020,
FXC20005B,BINGO! CHIPS RS.5 CRM&ON_FXC20005B,BINGO! CHIPS RS.5 CRM&ON_FXC20005B,
FXC20011,BINGO! CHIPS RS.10 CRM&ON_FXC20011,BINGO! CHIPS RS.10 CRM&ON_FXC20011,
FXC20020,BINGO! CHIPS RS.20 CRM&ON_FXC20020,BINGO! CHIPS RS.20 CRM&ON_FXC20020,
FXC30005B,BINGO! CHIPS RS.5 TOMATO_FXC30005B,BINGO! CHIPS RS.5 TOMATO_FXC30005B,
FXC30011,BINGO! CHIPS RS.10 TOMATO_FXC30011,BINGO! CHIPS RS.10 TOMATO_FXC30011,
FXC30020,BINGO! CHIPS RS.20 TOMATO_FXC30020,BINGO! CHIPS RS.20 TOMATO_FXC30020,
FXC40005B,BINGO! CHIPS RS.5 MASALA_FXC40005B,BINGO! CHIPS RS.5 MASALA_FXC40005B,
FXC40011,BINGO! CHIPS RS.10 MASALA_FXC40011,BINGO! CHIPS RS.10 MASALA_FXC40011,
FXC40020,BINGO! CHIPS RS.20 MASALA_FXC40020,BINGO! CHIPS RS.20 MASALA_FXC40020,
FXC50005B,BINGO! CHIPS RS.5 TOMATO & CHILLI_FXC50005B,BINGO! CHIPS RS.5 TOMATO & CHILLI_FXC50005B,
FXC60005B,BINGO! CHIPS RS.5 CHILLI_FXC60005B,BINGO! CHIPS RS.5 CHILLI_FXC60005B,
FXC80010,BINGO STARTERS RS10 MASALA CHIPS_FXC80010,BINGO STARTERS RS10 MASALA CHIPS_FXC80010,
FXC80020,BINGO STARTERS RS20 MASALA CHIPS_FXC80020,BINGO STARTERS RS20 MASALA CHIPS_FXC80020,
FXC90020,BINGO STARTERS RS20 PEPPERY CHIPS_FXC90020,BINGO STARTERS RS20 PEPPERY CHIPS_FXC90020,
FXN100013,NO RULZ RS.5 CHEESE FREE TOY_FXN100013,NO RULZ RS.5 CHEESE FREE TOY_FXN100013,
FXN200009,NO RULZ RS.5 TOMATO FREE TOY_FXN200009,NO RULZ RS.5 TOMATO FREE TOY_FXN200009,
FXN200013,NO RULZ RS.5 TOMATO FREE TOY_FXN200013,NO RULZ RS.5 TOMATO FREE TOY_FXN200013,
FXN300013,NO RULZ RS.5 MASALA FREE TOY_FXN300013,NO RULZ RS.5 MASALA FREE TOY_FXN300013,
FXN400006,BINGO NO RULZ RS.5 MSLA CURLZ 20%E_FXN400006,BINGO NO RULZ RS.5 MSLA CURLZ 20%E_FXN400006,
FXN500006,BINGO NO RULZ RS.5 CHESECURLZ20%E_FXN500006,BINGO NO RULZ RS.5 CHESECURLZ20%E_FXN500006,
NFR808S,EngageEDT LamanteForHim75ml NFR_NFR808S,EngageEDT LamanteForHim75ml NFR_NFR808S,
NFR809S,EngageEDT LamanteForHer75ml NFR_NFR809S,EngageEDT LamanteForHer75ml NFR_NFR809S,
PENDO0177,Engage Blush Deo 150ml-NC_PENDO0177,Engage Blush Deo 150ml-NC_PENDO0177,
PENDO0178,Engage Spell Deo 150ml-NC_PENDO0178,Engage Spell Deo 150ml-NC_PENDO0178,
PENDO0179,Engage Tease Deo 150ml-NC_PENDO0179,Engage Tease Deo 150ml-NC_PENDO0179,
PENDO0180,Engage Rush Deo 150ml-NC_PENDO0180,Engage Rush Deo 150ml-NC_PENDO0180,
PENDO0182,Engage Urge Deo 150ml-NC_PENDO0182,Engage Urge Deo 150ml-NC_PENDO0182,
PENDO0183,Engage Frost Deo 150ml-NC_PENDO0183,Engage Frost Deo 150ml-NC_PENDO0183,
PENDO0184,Engage Drizzle Deo 150ml-NC_PENDO0184,Engage Drizzle Deo 150ml-NC_PENDO0184,
PENDO0255,Engage Blush Deo 165ml-NC_PENDO0255,Engage Blush Deo 165ml-NC_PENDO0255,
PENDO0256,Engage Spell Deo 165ml-NC_PENDO0256,Engage Spell Deo 165ml-NC_PENDO0256,
PENDO0257,Engage Tease Deo 165ml-NC_PENDO0257,Engage Tease Deo 165ml-NC_PENDO0257,
PENDO0258,Engage Drizzle Deo 165ml-NC_PENDO0258,Engage Drizzle Deo 165ml-NC_PENDO0258,
PENDO0259,Engage Rush Deo 165ml-NC_PENDO0259,Engage Rush Deo 165ml-NC_PENDO0259,
PENDO0260,Engage Mate Deo 165ml-NC_PENDO0260,Engage Mate Deo 165ml-NC_PENDO0260,
PENDO0261,Engage Urge Deo 165ml-NC_PENDO0261,Engage Urge Deo 165ml-NC_PENDO0261,
PENDO0262,Engage Frost Deo 165ml-NC_PENDO0262,Engage Frost Deo 165ml-NC_PENDO0262,
PENDO0263,Engage Sport Cool Him Deo 165ml_PENDO0263,Engage Sport Cool Him Deo 165ml_PENDO0263,
PENDO0264,Engage Sport Cool Her Deo 165ml_PENDO0264,Engage Sport Cool Her Deo 165ml_PENDO0264,
PENDO0265,Engage Sport Fresh Him Deo 165ml_PENDO0265,Engage Sport Fresh Him Deo 165ml_PENDO0265,
PENDO0266,Engage Sport Fresh Her Deo 165ml_PENDO0266,Engage Sport Fresh Her Deo 165ml_PENDO0266,
PENDO0287,Engage Intrigue For Him Deo 150ml_PENDO0287,Engage Intrigue For Him Deo 150ml_PENDO0287,
PENDO0288,Engage Intrigue For Her Deo 150ml_PENDO0288,Engage Intrigue For Her Deo 150ml_PENDO0288,
PENDO0289,Engage Spirit For Him Deo 150ml_PENDO0289,Engage Spirit For Him Deo 150ml_PENDO0289,
PENDO0290,Engage Spirit For Her Deo 150ml_PENDO0290,Engage Spirit For Her Deo 150ml_PENDO0290,
PENPK0042,Engage ON+ Assorted Pack Flip 18ml_PENPK0042,Engage ON+ Assorted Pack Flip 18ml_PENPK0042,
PENPK0049,Engage ON Man Assorted 18.4ml_PENPK0049,Engage ON Man Assorted 18.4ml_PENPK0049,
PENPK0050,Engage ON Woman Assorted 18.8ml_PENPK0050,Engage ON Woman Assorted 18.8ml_PENPK0050,
PENPK0083,Eng ON Man Dual Assorted 28ml_PENPK0083,Eng ON Man Dual Assorted 28ml_PENPK0083,
PENPK0084,Eng ON Woman Dual Assorted 28ml_PENPK0084,Eng ON Woman Dual Assorted 28ml_PENPK0084,
PENPK0112,Engage ON Man Assorted 17ml_PENPK0112,Engage ON Man Assorted 17ml_PENPK0112,
PENPK0113,Engage ON Woman Assorted 17ml_PENPK0113,Engage ON Woman Assorted 17ml_PENPK0113,
PENPK0122,Engage ON Man Ltd Edn SM Pkt 18ml_PENPK0122,Engage ON Man Ltd Edn SM Pkt 18ml_PENPK0122,
PENPK0123,EngageON Woman Ltd Edn RB Pkt 18ml_PENPK0123,EngageON Woman Ltd Edn RB Pkt 18ml_PENPK0123,
PENPS0015,Engage M1 Perfume Spray 120ml-NC_PENPS0015,Engage M1 Perfume Spray 120ml-NC_PENPS0015,
PENPS0016,Engage M2 Perfume Spray 120ml-NC_PENPS0016,Engage M2 Perfume Spray 120ml-NC_PENPS0016,
PENPS0017,Engage M3 Perfume Spray 120ml-NC_PENPS0017,Engage M3 Perfume Spray 120ml-NC_PENPS0017,
PENPS0018,Engage M4 Perfume Spray 120ml-NC_PENPS0018,Engage M4 Perfume Spray 120ml-NC_PENPS0018,
PENPS0019,Engage W1 Perfume Spray 120ml-NC_PENPS0019,Engage W1 Perfume Spray 120ml-NC_PENPS0019,
PENPS0020,Engage W2 Perfume Spray 120ml-NC_PENPS0020,Engage W2 Perfume Spray 120ml-NC_PENPS0020,
PENPS0021,Engage W3 Perfume Spray 120ml-NC_PENPS0021,Engage W3 Perfume Spray 120ml-NC_PENPS0021,
PENPS0022,Engage W4 Perfume Spray 120ml-NC_PENPS0022,Engage W4 Perfume Spray 120ml-NC_PENPS0022,
PENPS0053,Engage EDT Lamante For Him 75ml_PENPS0053,Engage EDT Lamante For Him 75ml_PENPS0053,
PENPS0054,Engage EDT Lamante For Her 75ml_PENPS0054,Engage EDT Lamante For Her 75ml_PENPS0054,
PFDHW0001,Fiama Hand Wash Happy 400ml_PFDHW0001,Fiama Hand Wash Happy 400ml_PFDHW0001,
PFDHW0002,Fiama Hand Wash Fresh 400ml_PFDHW0002,Fiama Hand Wash Fresh 400ml_PFDHW0002,
PFDHW0003,Fiama Hand Wash Relax 400ml_PFDHW0003,Fiama Hand Wash Relax 400ml_PFDHW0003,
PFDHW0004,Fiama Hand Wash Happy 350ml Pouch_PFDHW0004,Fiama Hand Wash Happy 350ml Pouch_PFDHW0004,
PFDHW0005,Fiama Hand Wash Fresh 350ml Pouch_PFDHW0005,Fiama Hand Wash Fresh 350ml Pouch_PFDHW0005,
PFDHW0006,Fiama Hand Wash Relax 350ml Pouch_PFDHW0006,Fiama Hand Wash Relax 350ml Pouch_PFDHW0006,
PFDSG0206,FIAMA SG P&A(MD)100ml+Loofah Offer_PFDSG0206,FIAMA SG P&A(MD)100ml+Loofah Offer_PFDSG0206,
PFDSG0209,FIAMA Men SG RP 250ml+100mlSG_PFDSG0209,FIAMA Men SG RP 250ml+100mlSG_PFDSG0209,
PFDSG0211,FIAMA SG B&B(ED)100ml+LoofahOffer_PFDSG0211,FIAMA SG B&B(ED)100ml+LoofahOffer_PFDSG0211,
PFDSG0212,FIAMA SG L&Jo(CS)100ml+LoofahOffer_PFDSG0212,FIAMA SG L&Jo(CS)100ml+LoofahOffer_PFDSG0212,
PFDSG0214,Fiama MD 100ml price off_PFDSG0214,Fiama MD 100ml price off_PFDSG0214,
PFDSG0215,Fiama ED 100ml price off_PFDSG0215,Fiama ED 100ml price off_PFDSG0215,
PFDSG0224,Fiama L&J (CS) 500ml_PFDSG0224,Fiama L&J (CS) 500ml_PFDSG0224,
PFDSG0225,Fiama P&A (MD) 500ml_PFDSG0225,Fiama P&A (MD) 500ml_PFDSG0225,
PFDSG0226,FIAMA B&B (ED) 500ml_PFDSG0226,FIAMA B&B (ED) 500ml_PFDSG0226,
PFDSG0229,Fiama AG&AC Gel+Creme BW 200ml OP_PFDSG0229,Fiama AG&AC Gel+Creme BW 200ml OP_PFDSG0229,
PFDSG0230,Fiama BK&AC Gel+Creme BW 200ml OP_PFDSG0230,Fiama BK&AC Gel+Creme BW 200ml OP_PFDSG0230,
PFDSG0278,Fiama L&J 250ml+185ml Pouch Free_PFDSG0278,Fiama L&J 250ml+185ml Pouch Free_PFDSG0278,
PFDSG0279,Fiama P&A 250ml+185ml Pouch Free_PFDSG0279,Fiama P&A 250ml+185ml Pouch Free_PFDSG0279,
PFDSG0280,Fiama B&B 250ml+185ml Pouch Free_PFDSG0280,Fiama B&B 250ml+185ml Pouch Free_PFDSG0280,
PFDSG0281,Fiama P&M 250ml+185ml Pouch Free_PFDSG0281,Fiama P&M 250ml+185ml Pouch Free_PFDSG0281,
PFDSG0282,Fiama RP 250ml+185ml Pouch Free_PFDSG0282,Fiama RP 250ml+185ml Pouch Free_PFDSG0282,
PFDSG0283,Fiama QW 250ml+185ml Pouch Free_PFDSG0283,Fiama QW 250ml+185ml Pouch Free_PFDSG0283,
PFDSG0284,Fiama CB 250ml+185ml Pouch Free_PFDSG0284,Fiama CB 250ml+185ml Pouch Free_PFDSG0284,
PFDSG0285,Fiama L&J 500ml+400ml Pouch Free_PFDSG0285,Fiama L&J 500ml+400ml Pouch Free_PFDSG0285,
PFDSG0286,Fiama P&A 500ml+400ml Pouch Free_PFDSG0286,Fiama P&A 500ml+400ml Pouch Free_PFDSG0286,
PFDSG0287,Fiama B&B 500ml+400ml Pouch Free_PFDSG0287,Fiama B&B 500ml+400ml Pouch Free_PFDSG0287,
PFDSG0299,Fiama Scents M&N 250ml _PFDSG0299,Fiama Scents M&N 250ml _PFDSG0299,
PFDSG0300,Fiama Scents J&G 250ml_PFDSG0300,Fiama Scents J&G 250ml_PFDSG0300,
PFDSG0311,Fiama Scents SG M&N 100ml+Loofah_PFDSG0311,Fiama Scents SG M&N 100ml+Loofah_PFDSG0311,
PFDSG0312,Fiama Scents SG J&G 100ml+Loofah_PFDSG0312,Fiama Scents SG J&G 100ml+Loofah_PFDSG0312,
PFDSG0322,Fiama L&J 250ml+185ml PchFre Promo_PFDSG0322,Fiama L&J 250ml+185ml PchFre Promo_PFDSG0322,
PFDSO0336,FIAMA GBB S&Lg(CS) 125g_PFDSO0336,FIAMA GBB S&Lg(CS) 125g_PFDSO0336,
PFDSO0337,FIAMA GBB P&A(MD) 125g_PFDSO0337,FIAMA GBB P&A(MD) 125g_PFDSO0337,
PFDSO0338,FIAMA GBB B&B(ED) 125g_PFDSO0338,FIAMA GBB B&B(ED) 125g_PFDSO0338,
PFDSO0339,FIAMA GBB P&M(LF) 125g_PFDSO0339,FIAMA GBB P&M(LF) 125g_PFDSO0339,
PFDSO0342,FIAMA Men GBB ES 125g_PFDSO0342,FIAMA Men GBB ES 125g_PFDSO0342,
PFDSO0343,FIAMA Men GBB RP 125g_PFDSO0343,FIAMA Men GBB RP 125g_PFDSO0343,
PFDSO0344,FIAMA GBB S&Lg(CS) 125gx3_PFDSO0344,FIAMA GBB S&Lg(CS) 125gx3_PFDSO0344,
PFDSO0345,FIAMA GBB P&A(MD) 125gx3_PFDSO0345,FIAMA GBB P&A(MD) 125gx3_PFDSO0345,
PFDSO0346,FIAMA GBB B&B(ED) 125gx3_PFDSO0346,FIAMA GBB B&B(ED) 125gx3_PFDSO0346,
PFDSO0366,FIAMA GBB 100gx6 MV (33% Ex)-Disp_PFDSO0366,FIAMA GBB 100gx6 MV (33% Ex)-Disp_PFDSO0366,
PFDSO0367,FIAMA Men GBB ES 125gx3+1_PFDSO0367,FIAMA Men GBB ES 125gx3+1_PFDSO0367,
PFDSO0368,FIAMA Men GBB RP 125gX3+1_PFDSO0368,FIAMA Men GBB RP 125gX3+1_PFDSO0368,
PFDSO0405,FiamaGBB+(G+C) 125gx5 Celebrtn pck_PFDSO0405,FiamaGBB+(G+C) 125gx5 Celebrtn pck_PFDSO0405,
PFDSO0407,FIAMA GBB MD + Gel Creme 125gx3+1_PFDSO0407,FIAMA GBB MD + Gel Creme 125gx3+1_PFDSO0407,
PFDSO0418,Fiama FP&AC 100g(75g+25g)33%Extra_PFDSO0418,Fiama FP&AC 100g(75g+25g)33%Extra_PFDSO0418,
PFDSO0438,Fiama GBB P&A 125gX3+RelaxHW 150ml_PFDSO0438,Fiama GBB P&A 125gX3+RelaxHW 150ml_PFDSO0438,
PFDSO0439,Fiama GBB B&B 125gX3+RelaxHW 150ml_PFDSO0439,Fiama GBB B&B 125gX3+RelaxHW 150ml_PFDSO0439,
PNMFC0035,Nimyle FloorCleaner Herbal475ml-NP_PNMFC0035,Nimyle FloorCleaner Herbal475ml-NP_PNMFC0035,
PNMFC0036,Nimyle FloorCleaner Herbal 1ltr-S_PNMFC0036,Nimyle FloorCleaner Herbal 1ltr-S_PNMFC0036,
PNMFC0052,Nimyle FC Herbal 200ml_PNMFC0052,Nimyle FC Herbal 200ml_PNMFC0052,
PSVAL0008,Savlon Disinfectant Lqd 50ml_PSVAL0008,Savlon Disinfectant Lqd 50ml_PSVAL0008,
PSVAL0009,Savlon Disinfectant Lqd100ml_PSVAL0009,Savlon Disinfectant Lqd100ml_PSVAL0009,
PSVAL0010,Savlon Disinfectant Lqd1000ml_PSVAL0010,Savlon Disinfectant Lqd1000ml_PSVAL0010,
PSVAL0011,Savlon Disinfectant Lqd 500ml_PSVAL0011,Savlon Disinfectant Lqd 500ml_PSVAL0011,
PSVAL0012,Savlon Disinfectant Lqd 200ml_PSVAL0012,Savlon Disinfectant Lqd 200ml_PSVAL0012,
PSVHS0006,Savlon Gel HandSanitizer 55ml-Tray_PSVHS0006,Savlon Gel HandSanitizer 55ml-Tray_PSVHS0006,
PSVHW0075,Savlon HS 200ml+185ml Combo24-NC_PSVHW0075,Savlon HS 200ml+185ml Combo24-NC_PSVHW0075,
PSVHW0076,Savlon MS 200ml+185ml Combo24-NC_PSVHW0076,Savlon MS 200ml+185ml Combo24-NC_PSVHW0076,
PSVHW0096,Savlon Deep Clean 200ml+185mlCmb24_PSVHW0096,Savlon Deep Clean 200ml+185mlCmb24_PSVHW0096,
PSVHW0108,Savlon Herb Sen 750ml Pch POP-NC_PSVHW0108,Savlon Herb Sen 750ml Pch POP-NC_PSVHW0108,
PSVHW0109,Savlon Moist Shld 750ml Pch POP-NC_PSVHW0109,Savlon Moist Shld 750ml Pch POP-NC_PSVHW0109,
PSVHW0152,Savlon Moisture Shield 80ml CB-NC_PSVHW0152,Savlon Moisture Shield 80ml CB-NC_PSVHW0152,
PSVHW0177,Savlon Deep Clean 200ml-POP_PSVHW0177,Savlon Deep Clean 200ml-POP_PSVHW0177,
PSVHW0178,Savlon HS 200ml-POP_PSVHW0178,Savlon HS 200ml-POP_PSVHW0178,
PSVHW0179,Savlon MS 200ml-POP_PSVHW0179,Savlon MS 200ml-POP_PSVHW0179,
PSVSO0045,Savlon Fresh+Protect Soap 45g_PSVSO0045,Savlon Fresh+Protect Soap 45g_PSVSO0045,
PSVTA0022,STS CologneCool 150g+Eng 18.4ml Fr_PSVTA0022,STS CologneCool 150g+Eng 18.4ml Fr_PSVTA0022,
PVVSO0368,Vivel Aloe Vera 100Gms_PVVSO0368,Vivel Aloe Vera 100Gms_PVVSO0368,
PVVSO0626,Vivel Lotus Oil 51Gms_PVVSO0626,Vivel Lotus Oil 51Gms_PVVSO0626,
PVVSO0629,Vivel Lotus Oil 100Gms_PVVSO0629,Vivel Lotus Oil 100Gms_PVVSO0629,
PVVSO0712,Vivel Cool Mint 51g_PVVSO0712,Vivel Cool Mint 51g_PVVSO0712,
PVVSO0715,Vivel Cool Mint 100g_PVVSO0715,Vivel Cool Mint 100g_PVVSO0715,
PVVSO0759,Vivel Cool Mint 48g (H)_PVVSO0759,Vivel Cool Mint 48g (H)_PVVSO0759,
PVVSO0795,Vivel AloeVera 100g+SoapDish Fr(H)_PVVSO0795,Vivel AloeVera 100g+SoapDish Fr(H)_PVVSO0795,
PVVSO0796,Vivel LotusOil 100g+SoapDish Fr(H)_PVVSO0796,Vivel LotusOil 100g+SoapDish Fr(H)_PVVSO0796,
PVVSO0797,Vivel CoolMint 100g+SoapDish Fr(H)_PVVSO0797,Vivel CoolMint 100g+SoapDish Fr(H)_PVVSO0797,
PVVSO0814,Vivel Aloe Vera 100g (New Price)_PVVSO0814,Vivel Aloe Vera 100g (New Price)_PVVSO0814,
PVVSO0815,Vivel Lotus Oil 100g (New Price)_PVVSO0815,Vivel Lotus Oil 100g (New Price)_PVVSO0815,
PVVSO0816,Vivel Cool Mint 100g (New Price)_PVVSO0816,Vivel Cool Mint 100g (New Price)_PVVSO0816,
